p_value,facility_names,total_distance,lat,lon
18,세경3차,2850.252305,37.88591146,127.7449192
18,한성 한진,2850.252305,37.85883842,127.7220109
18,석사부영,2850.252305,37.86906165,127.7550316
18,퇴계주공1단지,2850.252305,37.85938654,127.7366718
18,칠전대우2차,2850.252305,37.84061322,127.7113229
18,"거두부영1,2단지(분양)",2850.252305,37.85503981,127.7535718
18,한일유엔아이,2850.252305,37.87993261,127.7631796
18,롯데인벤스우두파크,2850.252305,37.90052658,127.7314281
18,퇴계주공10차뜨란채,2850.252305,37.84900177,127.7451177
18,근화신성미소지움,2850.252305,37.87187295,127.7189306
18,사농현대,2850.252305,37.91242932,127.7237814
18,두산위브,2850.252305,37.88845623,127.7557302
18,이편한세상,2850.252305,37.88541523,127.7254304
18,장학해온채아파트,2850.252305,37.89761495,127.7523436
18,현진에버빌3차,2850.252305,37.87444532,127.7306184
18,일성트루엘더퍼스트,2850.252305,37.87712147,127.7458565
18,파크자이,2850.252305,37.86649064,127.7077562
18,우두lh2단지,2850.252305,37.91074641,127.7352604
19,후평주공4차,2830.321824,37.87615389,127.7557984
19,세경3차,2830.321824,37.88591146,127.7449192
19,한성 한진,2830.321824,37.85883842,127.7220109
19,그랜드,2830.321824,37.8671591,127.7568638
19,퇴계주공1단지,2830.321824,37.85938654,127.7366718
19,칠전대우2차,2830.321824,37.84061322,127.7113229
19,"거두부영1,2단지(분양)",2830.321824,37.85503981,127.7535718
19,한일유엔아이,2830.321824,37.87993261,127.7631796
19,롯데인벤스우두파크,2830.321824,37.90052658,127.7314281
19,퇴계주공10차뜨란채,2830.321824,37.84900177,127.7451177
19,근화신성미소지움,2830.321824,37.87187295,127.7189306
19,사농현대,2830.321824,37.91242932,127.7237814
19,두산위브,2830.321824,37.88845623,127.7557302
19,이편한세상,2830.321824,37.88541523,127.7254304
19,장학해온채아파트,2830.321824,37.89761495,127.7523436
19,현진에버빌3차,2830.321824,37.87444532,127.7306184
19,일성트루엘더퍼스트,2830.321824,37.87712147,127.7458565
19,파크자이,2830.321824,37.86649064,127.7077562
19,우두lh2단지,2830.321824,37.91074641,127.7352604
20,후평주공4차,2813.265905,37.87615389,127.7557984
20,세경3차,2813.265905,37.88591146,127.7449192
20,한성 한진,2813.265905,37.85883842,127.7220109
20,그랜드,2813.265905,37.8671591,127.7568638
20,퇴계주공4단지,2813.265905,37.85554301,127.7446165
20,퇴계주공1단지,2813.265905,37.85938654,127.7366718
20,칠전대우2차,2813.265905,37.84061322,127.7113229
20,"거두부영1,2단지(분양)",2813.265905,37.85503981,127.7535718
20,퇴계주공7단지,2813.265905,37.84749016,127.7426549
20,한일유엔아이,2813.265905,37.87993261,127.7631796
20,롯데인벤스우두파크,2813.265905,37.90052658,127.7314281
20,근화신성미소지움,2813.265905,37.87187295,127.7189306
20,사농현대,2813.265905,37.91242932,127.7237814
20,두산위브,2813.265905,37.88845623,127.7557302
20,이편한세상,2813.265905,37.88541523,127.7254304
20,장학해온채아파트,2813.265905,37.89761495,127.7523436
20,현진에버빌3차,2813.265905,37.87444532,127.7306184
20,일성트루엘더퍼스트,2813.265905,37.87712147,127.7458565
20,파크자이,2813.265905,37.86649064,127.7077562
20,우두lh2단지,2813.265905,37.91074641,127.7352604
21,후평주공4차,2795.162321,37.87615389,127.7557984
21,주공8차(효자영구임대),2795.162321,37.86394816,127.7390557
21,세경3차,2795.162321,37.88591146,127.7449192
21,한성 한진,2795.162321,37.85883842,127.7220109
21,그랜드,2795.162321,37.8671591,127.7568638
21,석사현대3차,2795.162321,37.85549795,127.7407764
21,칠전대우2차,2795.162321,37.84061322,127.7113229
21,"거두부영1,2단지(분양)",2795.162321,37.85503981,127.7535718
21,퇴계주공7단지,2795.162321,37.84749016,127.7426549
21,한일유엔아이,2795.162321,37.87993261,127.7631796
21,롯데인벤스우두파크,2795.162321,37.90052658,127.7314281
21,대우이안,2795.162321,37.85827265,127.7312201
21,근화신성미소지움,2795.162321,37.87187295,127.7189306
21,사농현대,2795.162321,37.91242932,127.7237814
21,두산위브,2795.162321,37.88845623,127.7557302
21,이편한세상,2795.162321,37.88541523,127.7254304
21,장학해온채아파트,2795.162321,37.89761495,127.7523436
21,현진에버빌3차,2795.162321,37.87444532,127.7306184
21,일성트루엘더퍼스트,2795.162321,37.87712147,127.7458565
21,파크자이,2795.162321,37.86649064,127.7077562
21,우두lh2단지,2795.162321,37.91074641,127.7352604
22,후평주공4차,2783.508147,37.87615389,127.7557984
22,주공8차(효자영구임대),2783.508147,37.86394816,127.7390557
22,세경3차,2783.508147,37.88591146,127.7449192
22,퇴계 금호2차(퇴계금호타운),2783.508147,37.84996907,127.7365734
22,한성 한진,2783.508147,37.85883842,127.7220109
22,그랜드,2783.508147,37.8671591,127.7568638
22,퇴계주공4단지,2783.508147,37.85554301,127.7446165
22,칠전대우2차,2783.508147,37.84061322,127.7113229
22,"거두부영1,2단지(분양)",2783.508147,37.85503981,127.7535718
22,한일유엔아이,2783.508147,37.87993261,127.7631796
22,롯데인벤스우두파크,2783.508147,37.90052658,127.7314281
22,퇴계주공10차뜨란채,2783.508147,37.84900177,127.7451177
22,대우이안,2783.508147,37.85827265,127.7312201
22,근화신성미소지움,2783.508147,37.87187295,127.7189306
22,사농현대,2783.508147,37.91242932,127.7237814
22,두산위브,2783.508147,37.88845623,127.7557302
22,이편한세상,2783.508147,37.88541523,127.7254304
22,장학해온채아파트,2783.508147,37.89761495,127.7523436
22,현진에버빌3차,2783.508147,37.87444532,127.7306184
22,일성트루엘더퍼스트,2783.508147,37.87712147,127.7458565
22,파크자이,2783.508147,37.86649064,127.7077562
22,우두lh2단지,2783.508147,37.91074641,127.7352604
23,후평주공4차,2775.314279,37.87615389,127.7557984
23,주공8차(효자영구임대),2775.314279,37.86394816,127.7390557
23,세경3차,2775.314279,37.88591146,127.7449192
23,퇴계 금호2차(퇴계금호타운),2775.314279,37.84996907,127.7365734
23,한성 한진,2775.314279,37.85883842,127.7220109
23,그랜드,2775.314279,37.8671591,127.7568638
23,퇴계주공4단지,2775.314279,37.85554301,127.7446165
23,칠전대우2차,2775.314279,37.84061322,127.7113229
23,"거두부영1,2단지(분양)",2775.314279,37.85503981,127.7535718
23,한일유엔아이,2775.314279,37.87993261,127.7631796
23,롯데인벤스우두파크,2775.314279,37.90052658,127.7314281
23,퇴계주공10차뜨란채,2775.314279,37.84900177,127.7451177
23,대우이안,2775.314279,37.85827265,127.7312201
23,근화신성미소지움,2775.314279,37.87187295,127.7189306
23,춘천더샾,2775.314279,37.88015323,127.7490846
23,사농현대,2775.314279,37.91242932,127.7237814
23,두산위브,2775.314279,37.88845623,127.7557302
23,이편한세상,2775.314279,37.88541523,127.7254304
23,장학해온채아파트,2775.314279,37.89761495,127.7523436
23,현진에버빌3차,2775.314279,37.87444532,127.7306184
23,일성트루엘더퍼스트,2775.314279,37.87712147,127.7458565
23,파크자이,2775.314279,37.86649064,127.7077562
23,우두lh2단지,2775.314279,37.91074641,127.7352604
24,후평주공4차,2768.461407,37.87615389,127.7557984
24,주공8차(효자영구임대),2768.461407,37.86394816,127.7390557
24,세경3차,2768.461407,37.88591146,127.7449192
24,퇴계 금호2차(퇴계금호타운),2768.461407,37.84996907,127.7365734
24,한성 한진,2768.461407,37.85883842,127.7220109
24,그랜드,2768.461407,37.8671591,127.7568638
24,퇴계주공4단지,2768.461407,37.85554301,127.7446165
24,퇴계주공1단지,2768.461407,37.85938654,127.7366718
24,칠전대우2차,2768.461407,37.84061322,127.7113229
24,"거두부영1,2단지(분양)",2768.461407,37.85503981,127.7535718
24,한일유엔아이,2768.461407,37.87993261,127.7631796
24,롯데인벤스우두파크,2768.461407,37.90052658,127.7314281
24,퇴계주공10차뜨란채,2768.461407,37.84900177,127.7451177
24,대우이안,2768.461407,37.85827265,127.7312201
24,근화신성미소지움,2768.461407,37.87187295,127.7189306
24,춘천더샾,2768.461407,37.88015323,127.7490846
24,사농현대,2768.461407,37.91242932,127.7237814
24,두산위브,2768.461407,37.88845623,127.7557302
24,이편한세상,2768.461407,37.88541523,127.7254304
24,장학해온채아파트,2768.461407,37.89761495,127.7523436
24,현진에버빌3차,2768.461407,37.87444532,127.7306184
24,일성트루엘더퍼스트,2768.461407,37.87712147,127.7458565
24,파크자이,2768.461407,37.86649064,127.7077562
24,우두lh2단지,2768.461407,37.91074641,127.7352604
25,후평주공4차,2761.801305,37.87615389,127.7557984
25,주공8차(효자영구임대),2761.801305,37.86394816,127.7390557
25,세경3차,2761.801305,37.88591146,127.7449192
25,럭키,2761.801305,37.86544484,127.7162332
25,퇴계 금호2차(퇴계금호타운),2761.801305,37.84996907,127.7365734
25,한성 한진,2761.801305,37.85883842,127.7220109
25,그랜드,2761.801305,37.8671591,127.7568638
25,퇴계주공4단지,2761.801305,37.85554301,127.7446165
25,퇴계주공1단지,2761.801305,37.85938654,127.7366718
25,칠전대우2차,2761.801305,37.84061322,127.7113229
25,"거두부영1,2단지(분양)",2761.801305,37.85503981,127.7535718
25,한일유엔아이,2761.801305,37.87993261,127.7631796
25,롯데인벤스우두파크,2761.801305,37.90052658,127.7314281
25,퇴계주공10차뜨란채,2761.801305,37.84900177,127.7451177
25,대우이안,2761.801305,37.85827265,127.7312201
25,근화신성미소지움,2761.801305,37.87187295,127.7189306
25,춘천더샾,2761.801305,37.88015323,127.7490846
25,사농현대,2761.801305,37.91242932,127.7237814
25,두산위브,2761.801305,37.88845623,127.7557302
25,이편한세상,2761.801305,37.88541523,127.7254304
25,장학해온채아파트,2761.801305,37.89761495,127.7523436
25,현진에버빌3차,2761.801305,37.87444532,127.7306184
25,일성트루엘더퍼스트,2761.801305,37.87712147,127.7458565
25,파크자이,2761.801305,37.86649064,127.7077562
25,우두lh2단지,2761.801305,37.91074641,127.7352604
26,후평주공4차,2756.3867,37.87615389,127.7557984
26,한신,2756.3867,37.87314449,127.7505217
26,주공8차(효자영구임대),2756.3867,37.86394816,127.7390557
26,세경3차,2756.3867,37.88591146,127.7449192
26,럭키,2756.3867,37.86544484,127.7162332
26,퇴계 금호2차(퇴계금호타운),2756.3867,37.84996907,127.7365734
26,한성 한진,2756.3867,37.85883842,127.7220109
26,그랜드,2756.3867,37.8671591,127.7568638
26,퇴계주공4단지,2756.3867,37.85554301,127.7446165
26,퇴계주공1단지,2756.3867,37.85938654,127.7366718
26,칠전대우2차,2756.3867,37.84061322,127.7113229
26,"거두부영1,2단지(분양)",2756.3867,37.85503981,127.7535718
26,한일유엔아이,2756.3867,37.87993261,127.7631796
26,롯데인벤스우두파크,2756.3867,37.90052658,127.7314281
26,퇴계주공10차뜨란채,2756.3867,37.84900177,127.7451177
26,대우이안,2756.3867,37.85827265,127.7312201
26,근화신성미소지움,2756.3867,37.87187295,127.7189306
26,춘천더샾,2756.3867,37.88015323,127.7490846
26,사농현대,2756.3867,37.91242932,127.7237814
26,두산위브,2756.3867,37.88845623,127.7557302
26,이편한세상,2756.3867,37.88541523,127.7254304
26,장학해온채아파트,2756.3867,37.89761495,127.7523436
26,현진에버빌3차,2756.3867,37.87444532,127.7306184
26,일성트루엘더퍼스트,2756.3867,37.87712147,127.7458565
26,파크자이,2756.3867,37.86649064,127.7077562
26,우두lh2단지,2756.3867,37.91074641,127.7352604
27,후평주공4차,2751.083409,37.87615389,127.7557984
27,한신,2751.083409,37.87314449,127.7505217
27,주공8차(효자영구임대),2751.083409,37.86394816,127.7390557
27,세경3차,2751.083409,37.88591146,127.7449192
27,럭키,2751.083409,37.86544484,127.7162332
27,퇴계 금호2차(퇴계금호타운),2751.083409,37.84996907,127.7365734
27,한성 한진,2751.083409,37.85883842,127.7220109
27,그랜드,2751.083409,37.8671591,127.7568638
27,퇴계주공4단지,2751.083409,37.85554301,127.7446165
27,퇴계주공1단지,2751.083409,37.85938654,127.7366718
27,칠전대우2차,2751.083409,37.84061322,127.7113229
27,"거두부영1,2단지(분양)",2751.083409,37.85503981,127.7535718
27,한일유엔아이,2751.083409,37.87993261,127.7631796
27,롯데인벤스우두파크,2751.083409,37.90052658,127.7314281
27,퇴계주공10차뜨란채,2751.083409,37.84900177,127.7451177
27,대우이안,2751.083409,37.85827265,127.7312201
27,근화신성미소지움,2751.083409,37.87187295,127.7189306
27,춘천더샾,2751.083409,37.88015323,127.7490846
27,사농현대,2751.083409,37.91242932,127.7237814
27,두산위브,2751.083409,37.88845623,127.7557302
27,만천LH아파트,2751.083409,37.88318045,127.7590971
27,이편한세상,2751.083409,37.88541523,127.7254304
27,장학해온채아파트,2751.083409,37.89761495,127.7523436
27,현진에버빌3차,2751.083409,37.87444532,127.7306184
27,일성트루엘더퍼스트,2751.083409,37.87712147,127.7458565
27,파크자이,2751.083409,37.86649064,127.7077562
27,우두lh2단지,2751.083409,37.91074641,127.7352604
28,후평주공4차,2745.922454,37.87615389,127.7557984
28,한신,2745.922454,37.87314449,127.7505217
28,주공8차(효자영구임대),2745.922454,37.86394816,127.7390557
28,세경3차,2745.922454,37.88591146,127.7449192
28,럭키,2745.922454,37.86544484,127.7162332
28,퇴계 금호2차(퇴계금호타운),2745.922454,37.84996907,127.7365734
28,한성 한진,2745.922454,37.85883842,127.7220109
28,그랜드,2745.922454,37.8671591,127.7568638
28,소양현대,2745.922454,37.88891527,127.7264639
28,퇴계주공4단지,2745.922454,37.85554301,127.7446165
28,퇴계주공1단지,2745.922454,37.85938654,127.7366718
28,칠전대우2차,2745.922454,37.84061322,127.7113229
28,"거두부영1,2단지(분양)",2745.922454,37.85503981,127.7535718
28,한일유엔아이,2745.922454,37.87993261,127.7631796
28,롯데인벤스우두파크,2745.922454,37.90052658,127.7314281
28,퇴계주공10차뜨란채,2745.922454,37.84900177,127.7451177
28,대우이안,2745.922454,37.85827265,127.7312201
28,근화신성미소지움,2745.922454,37.87187295,127.7189306
28,춘천더샾,2745.922454,37.88015323,127.7490846
28,사농현대,2745.922454,37.91242932,127.7237814
28,두산위브,2745.922454,37.88845623,127.7557302
28,만천LH아파트,2745.922454,37.88318045,127.7590971
28,이편한세상,2745.922454,37.88541523,127.7254304
28,장학해온채아파트,2745.922454,37.89761495,127.7523436
28,현진에버빌3차,2745.922454,37.87444532,127.7306184
28,일성트루엘더퍼스트,2745.922454,37.87712147,127.7458565
28,파크자이,2745.922454,37.86649064,127.7077562
28,우두lh2단지,2745.922454,37.91074641,127.7352604
29,후평주공4차,2741.565601,37.87615389,127.7557984
29,한신,2741.565601,37.87314449,127.7505217
29,주공8차(효자영구임대),2741.565601,37.86394816,127.7390557
29,세경3차,2741.565601,37.88591146,127.7449192
29,럭키,2741.565601,37.86544484,127.7162332
29,퇴계 금호2차(퇴계금호타운),2741.565601,37.84996907,127.7365734
29,한성 한진,2741.565601,37.85883842,127.7220109
29,그랜드,2741.565601,37.8671591,127.7568638
29,소양현대,2741.565601,37.88891527,127.7264639
29,퇴계주공4단지,2741.565601,37.85554301,127.7446165
29,퇴계주공1단지,2741.565601,37.85938654,127.7366718
29,칠전대우2차,2741.565601,37.84061322,127.7113229
29,"거두부영1,2단지(분양)",2741.565601,37.85503981,127.7535718
29,한일유엔아이,2741.565601,37.87993261,127.7631796
29,롯데인벤스우두파크,2741.565601,37.90052658,127.7314281
29,퇴계주공10차뜨란채,2741.565601,37.84900177,127.7451177
29,강변코아루,2741.565601,37.89680549,127.7356781
29,대우이안,2741.565601,37.85827265,127.7312201
29,근화신성미소지움,2741.565601,37.87187295,127.7189306
29,춘천더샾,2741.565601,37.88015323,127.7490846
29,사농현대,2741.565601,37.91242932,127.7237814
29,두산위브,2741.565601,37.88845623,127.7557302
29,만천LH아파트,2741.565601,37.88318045,127.7590971
29,이편한세상,2741.565601,37.88541523,127.7254304
29,장학해온채아파트,2741.565601,37.89761495,127.7523436
29,현진에버빌3차,2741.565601,37.87444532,127.7306184
29,일성트루엘더퍼스트,2741.565601,37.87712147,127.7458565
29,파크자이,2741.565601,37.86649064,127.7077562
29,우두lh2단지,2741.565601,37.91074641,127.7352604
30,후평주공4차,2737.240856,37.87615389,127.7557984
30,한신,2737.240856,37.87314449,127.7505217
30,주공8차(효자영구임대),2737.240856,37.86394816,127.7390557
30,세경3차,2737.240856,37.88591146,127.7449192
30,럭키,2737.240856,37.86544484,127.7162332
30,퇴계 금호2차(퇴계금호타운),2737.240856,37.84996907,127.7365734
30,한성 한진,2737.240856,37.85883842,127.7220109
30,그랜드,2737.240856,37.8671591,127.7568638
30,소양현대,2737.240856,37.88891527,127.7264639
30,퇴계주공4단지,2737.240856,37.85554301,127.7446165
30,퇴계주공1단지,2737.240856,37.85938654,127.7366718
30,칠전대우2차,2737.240856,37.84061322,127.7113229
30,휴먼타운(퇴계주공5단지),2737.240856,37.85367913,127.7384412
30,"거두부영1,2단지(분양)",2737.240856,37.85503981,127.7535718
30,한일유엔아이,2737.240856,37.87993261,127.7631796
30,롯데인벤스우두파크,2737.240856,37.90052658,127.7314281
30,퇴계주공10차뜨란채,2737.240856,37.84900177,127.7451177
30,강변코아루,2737.240856,37.89680549,127.7356781
30,대우이안,2737.240856,37.85827265,127.7312201
30,근화신성미소지움,2737.240856,37.87187295,127.7189306
30,춘천더샾,2737.240856,37.88015323,127.7490846
30,사농현대,2737.240856,37.91242932,127.7237814
30,두산위브,2737.240856,37.88845623,127.7557302
30,만천LH아파트,2737.240856,37.88318045,127.7590971
30,이편한세상,2737.240856,37.88541523,127.7254304
30,장학해온채아파트,2737.240856,37.89761495,127.7523436
30,현진에버빌3차,2737.240856,37.87444532,127.7306184
30,일성트루엘더퍼스트,2737.240856,37.87712147,127.7458565
30,파크자이,2737.240856,37.86649064,127.7077562
30,우두lh2단지,2737.240856,37.91074641,127.7352604
31,후평주공4차,2732.995872,37.87615389,127.7557984
31,한신,2732.995872,37.87314449,127.7505217
31,주공8차(효자영구임대),2732.995872,37.86394816,127.7390557
31,세경3차,2732.995872,37.88591146,127.7449192
31,럭키,2732.995872,37.86544484,127.7162332
31,퇴계 금호2차(퇴계금호타운),2732.995872,37.84996907,127.7365734
31,한성 한진,2732.995872,37.85883842,127.7220109
31,그랜드,2732.995872,37.8671591,127.7568638
31,소양현대,2732.995872,37.88891527,127.7264639
31,퇴계주공4단지,2732.995872,37.85554301,127.7446165
31,퇴계주공1단지,2732.995872,37.85938654,127.7366718
31,칠전대우2차,2732.995872,37.84061322,127.7113229
31,휴먼타운(퇴계주공5단지),2732.995872,37.85367913,127.7384412
31,"거두부영1,2단지(분양)",2732.995872,37.85503981,127.7535718
31,현진에버빌1차,2732.995872,37.85071849,127.7467126
31,퇴계주공7단지,2732.995872,37.84749016,127.7426549
31,한일유엔아이,2732.995872,37.87993261,127.7631796
31,롯데인벤스우두파크,2732.995872,37.90052658,127.7314281
31,강변코아루,2732.995872,37.89680549,127.7356781
31,대우이안,2732.995872,37.85827265,127.7312201
31,근화신성미소지움,2732.995872,37.87187295,127.7189306
31,춘천더샾,2732.995872,37.88015323,127.7490846
31,사농현대,2732.995872,37.91242932,127.7237814
31,두산위브,2732.995872,37.88845623,127.7557302
31,만천LH아파트,2732.995872,37.88318045,127.7590971
31,이편한세상,2732.995872,37.88541523,127.7254304
31,장학해온채아파트,2732.995872,37.89761495,127.7523436
31,현진에버빌3차,2732.995872,37.87444532,127.7306184
31,일성트루엘더퍼스트,2732.995872,37.87712147,127.7458565
31,파크자이,2732.995872,37.86649064,127.7077562
31,우두lh2단지,2732.995872,37.91074641,127.7352604
32,후평주공4차,2729.317589,37.87615389,127.7557984
32,한신,2729.317589,37.87314449,127.7505217
32,주공8차(효자영구임대),2729.317589,37.86394816,127.7390557
32,세경3차,2729.317589,37.88591146,127.7449192
32,럭키,2729.317589,37.86544484,127.7162332
32,퇴계 금호2차(퇴계금호타운),2729.317589,37.84996907,127.7365734
32,한성 한진,2729.317589,37.85883842,127.7220109
32,진흥,2729.317589,37.8682065,127.7534685
32,소양현대,2729.317589,37.88891527,127.7264639
32,석사대우,2729.317589,37.86879312,127.7577183
32,퇴계주공4단지,2729.317589,37.85554301,127.7446165
32,퇴계주공1단지,2729.317589,37.85938654,127.7366718
32,칠전대우2차,2729.317589,37.84061322,127.7113229
32,휴먼타운(퇴계주공5단지),2729.317589,37.85367913,127.7384412
32,"거두부영1,2단지(분양)",2729.317589,37.85503981,127.7535718
32,현진에버빌1차,2729.317589,37.85071849,127.7467126
32,퇴계주공7단지,2729.317589,37.84749016,127.7426549
32,한일유엔아이,2729.317589,37.87993261,127.7631796
32,롯데인벤스우두파크,2729.317589,37.90052658,127.7314281
32,강변코아루,2729.317589,37.89680549,127.7356781
32,대우이안,2729.317589,37.85827265,127.7312201
32,근화신성미소지움,2729.317589,37.87187295,127.7189306
32,춘천더샾,2729.317589,37.88015323,127.7490846
32,사농현대,2729.317589,37.91242932,127.7237814
32,두산위브,2729.317589,37.88845623,127.7557302
32,만천LH아파트,2729.317589,37.88318045,127.7590971
32,이편한세상,2729.317589,37.88541523,127.7254304
32,장학해온채아파트,2729.317589,37.89761495,127.7523436
32,현진에버빌3차,2729.317589,37.87444532,127.7306184
32,일성트루엘더퍼스트,2729.317589,37.87712147,127.7458565
32,파크자이,2729.317589,37.86649064,127.7077562
32,우두lh2단지,2729.317589,37.91074641,127.7352604
33,후평주공4차,2725.780336,37.87615389,127.7557984
33,한신,2725.780336,37.87314449,127.7505217
33,주공8차(효자영구임대),2725.780336,37.86394816,127.7390557
33,세경3차,2725.780336,37.88591146,127.7449192
33,럭키,2725.780336,37.86544484,127.7162332
33,퇴계 금호2차(퇴계금호타운),2725.780336,37.84996907,127.7365734
33,한성 한진,2725.780336,37.85883842,127.7220109
33,진흥,2725.780336,37.8682065,127.7534685
33,소양현대,2725.780336,37.88891527,127.7264639
33,석사대우,2725.780336,37.86879312,127.7577183
33,퇴계주공4단지,2725.780336,37.85554301,127.7446165
33,퇴계주공1단지,2725.780336,37.85938654,127.7366718
33,칠전대우2차,2725.780336,37.84061322,127.7113229
33,휴먼타운(퇴계주공5단지),2725.780336,37.85367913,127.7384412
33,"거두부영1,2단지(분양)",2725.780336,37.85503981,127.7535718
33,현진에버빌1차,2725.780336,37.85071849,127.7467126
33,퇴계주공7단지,2725.780336,37.84749016,127.7426549
33,한일유엔아이,2725.780336,37.87993261,127.7631796
33,롯데인벤스우두파크,2725.780336,37.90052658,127.7314281
33,강변코아루,2725.780336,37.89680549,127.7356781
33,대우이안,2725.780336,37.85827265,127.7312201
33,근화신성미소지움,2725.780336,37.87187295,127.7189306
33,춘천더샾,2725.780336,37.88015323,127.7490846
33,사농현대,2725.780336,37.91242932,127.7237814
33,두산위브,2725.780336,37.88845623,127.7557302
33,만천LH아파트,2725.780336,37.88318045,127.7590971
33,이편한세상,2725.780336,37.88541523,127.7254304
33,장학해온채아파트,2725.780336,37.89761495,127.7523436
33,현진에버빌3차,2725.780336,37.87444532,127.7306184
33,일성트루엘더퍼스트,2725.780336,37.87712147,127.7458565
33,이편한세상 춘천 한숲시티,2725.780336,37.8560092,127.7298309
33,파크자이,2725.780336,37.86649064,127.7077562
33,우두lh2단지,2725.780336,37.91074641,127.7352604
34,후평주공4차,2722.739955,37.87615389,127.7557984
34,한신,2722.739955,37.87314449,127.7505217
34,주공8차(효자영구임대),2722.739955,37.86394816,127.7390557
34,세경3차,2722.739955,37.88591146,127.7449192
34,럭키,2722.739955,37.86544484,127.7162332
34,퇴계 금호2차(퇴계금호타운),2722.739955,37.84996907,127.7365734
34,주공석사3지구,2722.739955,37.87201047,127.7560022
34,한성 한진,2722.739955,37.85883842,127.7220109
34,진흥,2722.739955,37.8682065,127.7534685
34,그랜드,2722.739955,37.8671591,127.7568638
34,소양현대,2722.739955,37.88891527,127.7264639
34,퇴계주공4단지,2722.739955,37.85554301,127.7446165
34,퇴계주공1단지,2722.739955,37.85938654,127.7366718
34,칠전대우2차,2722.739955,37.84061322,127.7113229
34,휴먼타운(퇴계주공5단지),2722.739955,37.85367913,127.7384412
34,"거두부영1,2단지(분양)",2722.739955,37.85503981,127.7535718
34,현진에버빌1차,2722.739955,37.85071849,127.7467126
34,퇴계주공7단지,2722.739955,37.84749016,127.7426549
34,한일유엔아이,2722.739955,37.87993261,127.7631796
34,롯데인벤스우두파크,2722.739955,37.90052658,127.7314281
34,강변코아루,2722.739955,37.89680549,127.7356781
34,대우이안,2722.739955,37.85827265,127.7312201
34,근화신성미소지움,2722.739955,37.87187295,127.7189306
34,춘천더샾,2722.739955,37.88015323,127.7490846
34,사농현대,2722.739955,37.91242932,127.7237814
34,두산위브,2722.739955,37.88845623,127.7557302
34,만천LH아파트,2722.739955,37.88318045,127.7590971
34,이편한세상,2722.739955,37.88541523,127.7254304
34,장학해온채아파트,2722.739955,37.89761495,127.7523436
34,현진에버빌3차,2722.739955,37.87444532,127.7306184
34,일성트루엘더퍼스트,2722.739955,37.87712147,127.7458565
34,이편한세상 춘천 한숲시티,2722.739955,37.8560092,127.7298309
34,파크자이,2722.739955,37.86649064,127.7077562
34,우두lh2단지,2722.739955,37.91074641,127.7352604
35,후평주공4차,2720.164969,37.87615389,127.7557984
35,후평주공5차,2720.164969,37.87362437,127.7465907
35,한신,2720.164969,37.87314449,127.7505217
35,주공8차(효자영구임대),2720.164969,37.86394816,127.7390557
35,세경3차,2720.164969,37.88591146,127.7449192
35,럭키,2720.164969,37.86544484,127.7162332
35,퇴계 금호2차(퇴계금호타운),2720.164969,37.84996907,127.7365734
35,주공석사3지구,2720.164969,37.87201047,127.7560022
35,한성 한진,2720.164969,37.85883842,127.7220109
35,진흥,2720.164969,37.8682065,127.7534685
35,그랜드,2720.164969,37.8671591,127.7568638
35,소양현대,2720.164969,37.88891527,127.7264639
35,퇴계주공4단지,2720.164969,37.85554301,127.7446165
35,퇴계주공1단지,2720.164969,37.85938654,127.7366718
35,칠전대우2차,2720.164969,37.84061322,127.7113229
35,휴먼타운(퇴계주공5단지),2720.164969,37.85367913,127.7384412
35,"거두부영1,2단지(분양)",2720.164969,37.85503981,127.7535718
35,현진에버빌1차,2720.164969,37.85071849,127.7467126
35,퇴계주공7단지,2720.164969,37.84749016,127.7426549
35,한일유엔아이,2720.164969,37.87993261,127.7631796
35,롯데인벤스우두파크,2720.164969,37.90052658,127.7314281
35,강변코아루,2720.164969,37.89680549,127.7356781
35,대우이안,2720.164969,37.85827265,127.7312201
35,근화신성미소지움,2720.164969,37.87187295,127.7189306
35,춘천더샾,2720.164969,37.88015323,127.7490846
35,사농현대,2720.164969,37.91242932,127.7237814
35,두산위브,2720.164969,37.88845623,127.7557302
35,만천LH아파트,2720.164969,37.88318045,127.7590971
35,이편한세상,2720.164969,37.88541523,127.7254304
35,장학해온채아파트,2720.164969,37.89761495,127.7523436
35,현진에버빌3차,2720.164969,37.87444532,127.7306184
35,일성트루엘더퍼스트,2720.164969,37.87712147,127.7458565
35,이편한세상 춘천 한숲시티,2720.164969,37.8560092,127.7298309
35,파크자이,2720.164969,37.86649064,127.7077562
35,우두lh2단지,2720.164969,37.91074641,127.7352604
36,후평주공4차,2717.604021,37.87615389,127.7557984
36,후평주공5차,2717.604021,37.87362437,127.7465907
36,한신,2717.604021,37.87314449,127.7505217
36,주공8차(효자영구임대),2717.604021,37.86394816,127.7390557
36,세경3차,2717.604021,37.88591146,127.7449192
36,럭키,2717.604021,37.86544484,127.7162332
36,퇴계 금호2차(퇴계금호타운),2717.604021,37.84996907,127.7365734
36,주공석사3지구,2717.604021,37.87201047,127.7560022
36,그린타운,2717.604021,37.85786249,127.7268785
36,한성 한진,2717.604021,37.85883842,127.7220109
36,진흥,2717.604021,37.8682065,127.7534685
36,그랜드,2717.604021,37.8671591,127.7568638
36,소양현대,2717.604021,37.88891527,127.7264639
36,퇴계주공4단지,2717.604021,37.85554301,127.7446165
36,퇴계주공1단지,2717.604021,37.85938654,127.7366718
36,칠전대우2차,2717.604021,37.84061322,127.7113229
36,휴먼타운(퇴계주공5단지),2717.604021,37.85367913,127.7384412
36,"거두부영1,2단지(분양)",2717.604021,37.85503981,127.7535718
36,현진에버빌1차,2717.604021,37.85071849,127.7467126
36,퇴계주공7단지,2717.604021,37.84749016,127.7426549
36,한일유엔아이,2717.604021,37.87993261,127.7631796
36,롯데인벤스우두파크,2717.604021,37.90052658,127.7314281
36,강변코아루,2717.604021,37.89680549,127.7356781
36,대우이안,2717.604021,37.85827265,127.7312201
36,근화신성미소지움,2717.604021,37.87187295,127.7189306
36,춘천더샾,2717.604021,37.88015323,127.7490846
36,사농현대,2717.604021,37.91242932,127.7237814
36,두산위브,2717.604021,37.88845623,127.7557302
36,만천LH아파트,2717.604021,37.88318045,127.7590971
36,이편한세상,2717.604021,37.88541523,127.7254304
36,장학해온채아파트,2717.604021,37.89761495,127.7523436
36,현진에버빌3차,2717.604021,37.87444532,127.7306184
36,일성트루엘더퍼스트,2717.604021,37.87712147,127.7458565
36,이편한세상 춘천 한숲시티,2717.604021,37.8560092,127.7298309
36,파크자이,2717.604021,37.86649064,127.7077562
36,우두lh2단지,2717.604021,37.91074641,127.7352604
37,후평주공4차,2715.161032,37.87615389,127.7557984
37,후평주공5차,2715.161032,37.87362437,127.7465907
37,한신,2715.161032,37.87314449,127.7505217
37,주공8차(효자영구임대),2715.161032,37.86394816,127.7390557
37,세경3차,2715.161032,37.88591146,127.7449192
37,럭키,2715.161032,37.86544484,127.7162332
37,퇴계 금호2차(퇴계금호타운),2715.161032,37.84996907,127.7365734
37,주공석사3지구,2715.161032,37.87201047,127.7560022
37,그린타운,2715.161032,37.85786249,127.7268785
37,한성 한진,2715.161032,37.85883842,127.7220109
37,진흥,2715.161032,37.8682065,127.7534685
37,그랜드,2715.161032,37.8671591,127.7568638
37,소양현대,2715.161032,37.88891527,127.7264639
37,퇴계주공4단지,2715.161032,37.85554301,127.7446165
37,퇴계주공1단지,2715.161032,37.85938654,127.7366718
37,칠전대우2차,2715.161032,37.84061322,127.7113229
37,휴먼타운(퇴계주공5단지),2715.161032,37.85367913,127.7384412
37,"거두부영1,2단지(분양)",2715.161032,37.85503981,127.7535718
37,현진에버빌1차,2715.161032,37.85071849,127.7467126
37,퇴계주공7단지,2715.161032,37.84749016,127.7426549
37,한일유엔아이,2715.161032,37.87993261,127.7631796
37,롯데인벤스우두파크,2715.161032,37.90052658,127.7314281
37,강변코아루,2715.161032,37.89680549,127.7356781
37,대우이안,2715.161032,37.85827265,127.7312201
37,근화신성미소지움,2715.161032,37.87187295,127.7189306
37,춘천더샾,2715.161032,37.88015323,127.7490846
37,사농현대,2715.161032,37.91242932,127.7237814
37,두산위브,2715.161032,37.88845623,127.7557302
37,만천LH아파트,2715.161032,37.88318045,127.7590971
37,이편한세상,2715.161032,37.88541523,127.7254304
37,장학해온채아파트,2715.161032,37.89761495,127.7523436
37,현진에버빌3차,2715.161032,37.87444532,127.7306184
37,일성트루엘더퍼스트,2715.161032,37.87712147,127.7458565
37,이편한세상 춘천 한숲시티,2715.161032,37.8560092,127.7298309
37,춘천후평우미린뉴시티,2715.161032,37.87771497,127.7531782
37,파크자이,2715.161032,37.86649064,127.7077562
37,우두lh2단지,2715.161032,37.91074641,127.7352604
38,후평주공4차,2712.933594,37.87615389,127.7557984
38,후평주공5차,2712.933594,37.87362437,127.7465907
38,한신,2712.933594,37.87314449,127.7505217
38,주공8차(효자영구임대),2712.933594,37.86394816,127.7390557
38,세경3차,2712.933594,37.88591146,127.7449192
38,럭키,2712.933594,37.86544484,127.7162332
38,퇴계 금호2차(퇴계금호타운),2712.933594,37.84996907,127.7365734
38,주공석사3지구,2712.933594,37.87201047,127.7560022
38,그린타운,2712.933594,37.85786249,127.7268785
38,한성 한진,2712.933594,37.85883842,127.7220109
38,진흥,2712.933594,37.8682065,127.7534685
38,그랜드,2712.933594,37.8671591,127.7568638
38,소양현대,2712.933594,37.88891527,127.7264639
38,퇴계주공4단지,2712.933594,37.85554301,127.7446165
38,퇴계주공1단지,2712.933594,37.85938654,127.7366718
38,칠전대우2차,2712.933594,37.84061322,127.7113229
38,휴먼타운(퇴계주공5단지),2712.933594,37.85367913,127.7384412
38,"거두부영1,2단지(분양)",2712.933594,37.85503981,127.7535718
38,현진에버빌1차,2712.933594,37.85071849,127.7467126
38,퇴계주공7단지,2712.933594,37.84749016,127.7426549
38,한일유엔아이,2712.933594,37.87993261,127.7631796
38,롯데인벤스우두파크,2712.933594,37.90052658,127.7314281
38,강변코아루,2712.933594,37.89680549,127.7356781
38,대우이안,2712.933594,37.85827265,127.7312201
38,근화신성미소지움,2712.933594,37.87187295,127.7189306
38,춘천더샾,2712.933594,37.88015323,127.7490846
38,사농현대,2712.933594,37.91242932,127.7237814
38,두산위브,2712.933594,37.88845623,127.7557302
38,만천LH아파트,2712.933594,37.88318045,127.7590971
38,이편한세상,2712.933594,37.88541523,127.7254304
38,장학LH1단지,2712.933594,37.89570353,127.7516535
38,장학해온채아파트,2712.933594,37.89761495,127.7523436
38,현진에버빌3차,2712.933594,37.87444532,127.7306184
38,일성트루엘더퍼스트,2712.933594,37.87712147,127.7458565
38,이편한세상 춘천 한숲시티,2712.933594,37.8560092,127.7298309
38,춘천후평우미린뉴시티,2712.933594,37.87771497,127.7531782
38,파크자이,2712.933594,37.86649064,127.7077562
38,우두lh2단지,2712.933594,37.91074641,127.7352604
39,후평주공4차,2711.016777,37.87615389,127.7557984
39,후평주공5차,2711.016777,37.87362437,127.7465907
39,한신,2711.016777,37.87314449,127.7505217
39,주공8차(효자영구임대),2711.016777,37.86394816,127.7390557
39,세경3차,2711.016777,37.88591146,127.7449192
39,럭키,2711.016777,37.86544484,127.7162332
39,퇴계 금호2차(퇴계금호타운),2711.016777,37.84996907,127.7365734
39,주공석사3지구,2711.016777,37.87201047,127.7560022
39,그린타운,2711.016777,37.85786249,127.7268785
39,한성 한진,2711.016777,37.85883842,127.7220109
39,진흥,2711.016777,37.8682065,127.7534685
39,그랜드,2711.016777,37.8671591,127.7568638
39,소양현대,2711.016777,37.88891527,127.7264639
39,퇴계주공4단지,2711.016777,37.85554301,127.7446165
39,퇴계주공1단지,2711.016777,37.85938654,127.7366718
39,칠전대우2차,2711.016777,37.84061322,127.7113229
39,휴먼타운(퇴계주공5단지),2711.016777,37.85367913,127.7384412
39,"거두부영1,2단지(분양)",2711.016777,37.85503981,127.7535718
39,현진에버빌1차,2711.016777,37.85071849,127.7467126
39,퇴계주공7단지,2711.016777,37.84749016,127.7426549
39,현진에버빌2차,2711.016777,37.85276014,127.7425601
39,한일유엔아이,2711.016777,37.87993261,127.7631796
39,롯데인벤스우두파크,2711.016777,37.90052658,127.7314281
39,강변코아루,2711.016777,37.89680549,127.7356781
39,대우이안,2711.016777,37.85827265,127.7312201
39,근화신성미소지움,2711.016777,37.87187295,127.7189306
39,춘천더샾,2711.016777,37.88015323,127.7490846
39,사농현대,2711.016777,37.91242932,127.7237814
39,두산위브,2711.016777,37.88845623,127.7557302
39,만천LH아파트,2711.016777,37.88318045,127.7590971
39,이편한세상,2711.016777,37.88541523,127.7254304
39,장학LH1단지,2711.016777,37.89570353,127.7516535
39,장학해온채아파트,2711.016777,37.89761495,127.7523436
39,현진에버빌3차,2711.016777,37.87444532,127.7306184
39,일성트루엘더퍼스트,2711.016777,37.87712147,127.7458565
39,이편한세상 춘천 한숲시티,2711.016777,37.8560092,127.7298309
39,춘천후평우미린뉴시티,2711.016777,37.87771497,127.7531782
39,파크자이,2711.016777,37.86649064,127.7077562
39,우두lh2단지,2711.016777,37.91074641,127.7352604
40,후평주공4차,2709.291157,37.87615389,127.7557984
40,후평주공5차,2709.291157,37.87362437,127.7465907
40,한신,2709.291157,37.87314449,127.7505217
40,주공8차(효자영구임대),2709.291157,37.86394816,127.7390557
40,세경3차,2709.291157,37.88591146,127.7449192
40,럭키,2709.291157,37.86544484,127.7162332
40,퇴계 금호2차(퇴계금호타운),2709.291157,37.84996907,127.7365734
40,주공석사3지구,2709.291157,37.87201047,127.7560022
40,그린타운,2709.291157,37.85786249,127.7268785
40,한성 한진,2709.291157,37.85883842,127.7220109
40,진흥,2709.291157,37.8682065,127.7534685
40,그랜드,2709.291157,37.8671591,127.7568638
40,소양현대,2709.291157,37.88891527,127.7264639
40,퇴계주공4단지,2709.291157,37.85554301,127.7446165
40,퇴계주공1단지,2709.291157,37.85938654,127.7366718
40,칠전대우2차,2709.291157,37.84061322,127.7113229
40,휴먼타운(퇴계주공5단지),2709.291157,37.85367913,127.7384412
40,"거두부영1,2단지(분양)",2709.291157,37.85503981,127.7535718
40,현진에버빌1차,2709.291157,37.85071849,127.7467126
40,퇴계주공7단지,2709.291157,37.84749016,127.7426549
40,현진에버빌2차,2709.291157,37.85276014,127.7425601
40,한일유엔아이,2709.291157,37.87993261,127.7631796
40,롯데인벤스우두파크,2709.291157,37.90052658,127.7314281
40,강변코아루,2709.291157,37.89680549,127.7356781
40,대우이안,2709.291157,37.85827265,127.7312201
40,근화신성미소지움,2709.291157,37.87187295,127.7189306
40,춘천더샾,2709.291157,37.88015323,127.7490846
40,사농현대,2709.291157,37.91242932,127.7237814
40,두산위브,2709.291157,37.88845623,127.7557302
40,만천LH아파트,2709.291157,37.88318045,127.7590971
40,이편한세상,2709.291157,37.88541523,127.7254304
40,장학LH1단지,2709.291157,37.89570353,127.7516535
40,장학해온채아파트,2709.291157,37.89761495,127.7523436
40,현진에버빌3차,2709.291157,37.87444532,127.7306184
40,온의 롯데캐슬 스카이클래스,2709.291157,37.87015881,127.7166149
40,일성트루엘더퍼스트,2709.291157,37.87712147,127.7458565
40,이편한세상 춘천 한숲시티,2709.291157,37.8560092,127.7298309
40,춘천후평우미린뉴시티,2709.291157,37.87771497,127.7531782
40,파크자이,2709.291157,37.86649064,127.7077562
40,우두lh2단지,2709.291157,37.91074641,127.7352604
41,후평주공4차,2707.58197,37.87615389,127.7557984
41,후평주공5차,2707.58197,37.87362437,127.7465907
41,한신,2707.58197,37.87314449,127.7505217
41,주공8차(효자영구임대),2707.58197,37.86394816,127.7390557
41,세경3차,2707.58197,37.88591146,127.7449192
41,럭키,2707.58197,37.86544484,127.7162332
41,퇴계 금호2차(퇴계금호타운),2707.58197,37.84996907,127.7365734
41,주공석사3지구,2707.58197,37.87201047,127.7560022
41,그린타운,2707.58197,37.85786249,127.7268785
41,한성 한진,2707.58197,37.85883842,127.7220109
41,진흥,2707.58197,37.8682065,127.7534685
41,그랜드,2707.58197,37.8671591,127.7568638
41,소양현대,2707.58197,37.88891527,127.7264639
41,퇴계주공4단지,2707.58197,37.85554301,127.7446165
41,퇴계주공1단지,2707.58197,37.85938654,127.7366718
41,칠전대우2차,2707.58197,37.84061322,127.7113229
41,휴먼타운(퇴계주공5단지),2707.58197,37.85367913,127.7384412
41,"거두부영1,2단지(분양)",2707.58197,37.85503981,127.7535718
41,현진에버빌1차,2707.58197,37.85071849,127.7467126
41,퇴계주공7단지,2707.58197,37.84749016,127.7426549
41,현진에버빌2차,2707.58197,37.85276014,127.7425601
41,한일유엔아이,2707.58197,37.87993261,127.7631796
41,롯데인벤스우두파크,2707.58197,37.90052658,127.7314281
41,퇴계주공10차뜨란채,2707.58197,37.84900177,127.7451177
41,강변코아루,2707.58197,37.89680549,127.7356781
41,대우이안,2707.58197,37.85827265,127.7312201
41,근화신성미소지움,2707.58197,37.87187295,127.7189306
41,춘천더샾,2707.58197,37.88015323,127.7490846
41,사농현대,2707.58197,37.91242932,127.7237814
41,두산위브,2707.58197,37.88845623,127.7557302
41,만천LH아파트,2707.58197,37.88318045,127.7590971
41,이편한세상,2707.58197,37.88541523,127.7254304
41,장학LH1단지,2707.58197,37.89570353,127.7516535
41,장학해온채아파트,2707.58197,37.89761495,127.7523436
41,현진에버빌3차,2707.58197,37.87444532,127.7306184
41,온의 롯데캐슬 스카이클래스,2707.58197,37.87015881,127.7166149
41,일성트루엘더퍼스트,2707.58197,37.87712147,127.7458565
41,이편한세상 춘천 한숲시티,2707.58197,37.8560092,127.7298309
41,춘천후평우미린뉴시티,2707.58197,37.87771497,127.7531782
41,파크자이,2707.58197,37.86649064,127.7077562
41,우두lh2단지,2707.58197,37.91074641,127.7352604
42,후평주공4차,2706.382639,37.87615389,127.7557984
42,후평주공5차,2706.382639,37.87362437,127.7465907
42,한신,2706.382639,37.87314449,127.7505217
42,주공8차(효자영구임대),2706.382639,37.86394816,127.7390557
42,세경3차,2706.382639,37.88591146,127.7449192
42,럭키,2706.382639,37.86544484,127.7162332
42,퇴계 금호2차(퇴계금호타운),2706.382639,37.84996907,127.7365734
42,주공석사3지구,2706.382639,37.87201047,127.7560022
42,그린타운,2706.382639,37.85786249,127.7268785
42,한성 한진,2706.382639,37.85883842,127.7220109
42,진흥,2706.382639,37.8682065,127.7534685
42,그랜드,2706.382639,37.8671591,127.7568638
42,소양현대,2706.382639,37.88891527,127.7264639
42,퇴계주공4단지,2706.382639,37.85554301,127.7446165
42,동보,2706.382639,37.86365612,127.7403829
42,퇴계주공1단지,2706.382639,37.85938654,127.7366718
42,칠전대우2차,2706.382639,37.84061322,127.7113229
42,휴먼타운(퇴계주공5단지),2706.382639,37.85367913,127.7384412
42,"거두부영1,2단지(분양)",2706.382639,37.85503981,127.7535718
42,현진에버빌1차,2706.382639,37.85071849,127.7467126
42,퇴계주공7단지,2706.382639,37.84749016,127.7426549
42,현진에버빌2차,2706.382639,37.85276014,127.7425601
42,한일유엔아이,2706.382639,37.87993261,127.7631796
42,롯데인벤스우두파크,2706.382639,37.90052658,127.7314281
42,퇴계주공10차뜨란채,2706.382639,37.84900177,127.7451177
42,강변코아루,2706.382639,37.89680549,127.7356781
42,대우이안,2706.382639,37.85827265,127.7312201
42,근화신성미소지움,2706.382639,37.87187295,127.7189306
42,춘천더샾,2706.382639,37.88015323,127.7490846
42,사농현대,2706.382639,37.91242932,127.7237814
42,두산위브,2706.382639,37.88845623,127.7557302
42,만천LH아파트,2706.382639,37.88318045,127.7590971
42,이편한세상,2706.382639,37.88541523,127.7254304
42,장학LH1단지,2706.382639,37.89570353,127.7516535
42,장학해온채아파트,2706.382639,37.89761495,127.7523436
42,현진에버빌3차,2706.382639,37.87444532,127.7306184
42,온의 롯데캐슬 스카이클래스,2706.382639,37.87015881,127.7166149
42,일성트루엘더퍼스트,2706.382639,37.87712147,127.7458565
42,이편한세상 춘천 한숲시티,2706.382639,37.8560092,127.7298309
42,춘천후평우미린뉴시티,2706.382639,37.87771497,127.7531782
42,파크자이,2706.382639,37.86649064,127.7077562
42,우두lh2단지,2706.382639,37.91074641,127.7352604
43,후평주공4차,2705.247533,37.87615389,127.7557984
43,후평주공5차,2705.247533,37.87362437,127.7465907
43,한신,2705.247533,37.87314449,127.7505217
43,주공8차(효자영구임대),2705.247533,37.86394816,127.7390557
43,세경3차,2705.247533,37.88591146,127.7449192
43,럭키,2705.247533,37.86544484,127.7162332
43,퇴계 금호2차(퇴계금호타운),2705.247533,37.84996907,127.7365734
43,주공석사3지구,2705.247533,37.87201047,127.7560022
43,그린타운,2705.247533,37.85786249,127.7268785
43,한성 한진,2705.247533,37.85883842,127.7220109
43,진흥,2705.247533,37.8682065,127.7534685
43,그랜드,2705.247533,37.8671591,127.7568638
43,소양현대,2705.247533,37.88891527,127.7264639
43,퇴계주공4단지,2705.247533,37.85554301,127.7446165
43,석사현대3차,2705.247533,37.85549795,127.7407764
43,동보,2705.247533,37.86365612,127.7403829
43,퇴계주공1단지,2705.247533,37.85938654,127.7366718
43,칠전대우2차,2705.247533,37.84061322,127.7113229
43,휴먼타운(퇴계주공5단지),2705.247533,37.85367913,127.7384412
43,"거두부영1,2단지(분양)",2705.247533,37.85503981,127.7535718
43,현진에버빌1차,2705.247533,37.85071849,127.7467126
43,퇴계주공7단지,2705.247533,37.84749016,127.7426549
43,현진에버빌2차,2705.247533,37.85276014,127.7425601
43,한일유엔아이,2705.247533,37.87993261,127.7631796
43,롯데인벤스우두파크,2705.247533,37.90052658,127.7314281
43,퇴계주공10차뜨란채,2705.247533,37.84900177,127.7451177
43,강변코아루,2705.247533,37.89680549,127.7356781
43,대우이안,2705.247533,37.85827265,127.7312201
43,근화신성미소지움,2705.247533,37.87187295,127.7189306
43,춘천더샾,2705.247533,37.88015323,127.7490846
43,사농현대,2705.247533,37.91242932,127.7237814
43,두산위브,2705.247533,37.88845623,127.7557302
43,만천LH아파트,2705.247533,37.88318045,127.7590971
43,이편한세상,2705.247533,37.88541523,127.7254304
43,장학LH1단지,2705.247533,37.89570353,127.7516535
43,장학해온채아파트,2705.247533,37.89761495,127.7523436
43,현진에버빌3차,2705.247533,37.87444532,127.7306184
43,온의 롯데캐슬 스카이클래스,2705.247533,37.87015881,127.7166149
43,일성트루엘더퍼스트,2705.247533,37.87712147,127.7458565
43,이편한세상 춘천 한숲시티,2705.247533,37.8560092,127.7298309
43,춘천후평우미린뉴시티,2705.247533,37.87771497,127.7531782
43,파크자이,2705.247533,37.86649064,127.7077562
43,우두lh2단지,2705.247533,37.91074641,127.7352604
